Weight,FedEx First Overnight,FedEx Priority Overnight,FedEx Std Overnight,FedEx 2DAy,FedEx Express Saver,FedEx 2Day® A.M.,Zone,
1,62.76,31.76,29.05,20.04,17.82,21.48,2,
2,63.18,32.18,30.98,20.85,18.14,21.86,2,
3,66.11,35.11,33.67,21.20,19.27,22.22,2,
4,69.31,38.31,36.32,21.84,19.60,22.89,2,
5,69.63,38.63,36.96,22.50,19.94,23.56,2,
6,75.27,44.27,39.01,23.47,21.55,24.58,2,
7,75.84,44.84,40.27,24.46,21.90,25.63,2,
8,76.04,45.04,42.39,25.44,22.72,26.66,2,
9,76.24,45.24,43.84,26.74,22.92,28.07,2,
10,76.64,45.64,44.06,26.96,23.14,29.40,2,
11,84.62,53.62,47.23,29.33,27.51,30.72,2,
12,85.88,54.88,48.81,30.88,28.12,33.35,2,
13,86.08,55.08,49.35,33.06,30.66,34.63,2,
14,87.21,56.21,51.26,34.70,30.99,36.34,2,
15,87.41,56.41,53.23,36.02,31.19,38.88,2,
16,91.08,60.08,54.36,36.87,33.07,40.73,2,
17,94.52,63.52,55.53,38.00,33.27,41.02,2,
18,95.03,64.03,58.82,39.27,36.29,43.77,2,
19,95.45,64.45,60.40,40.82,37.23,44.05,2,
20,95.79,64.79,61.52,42.24,37.43,44.27,2,
21,98.61,67.61,63.18,44.20,38.50,48.62,2,
22,101.71,70.71,65.40,45.56,41.27,49.19,2,
23,102.10,71.10,66.52,46.68,42.85,51.58,2,
24,103.99,72.99,68.17,47.75,43.05,53.58,2,
25,104.36,73.36,69.09,49.30,43.26,53.78,2,
26,108.86,77.86,69.29,50.78,47.29,55.42,2,
27,109.32,78.32,72.44,52.40,48.82,56.32,2,
28,110.96,79.96,72.76,54.08,50.30,57.70,2,
29,111.36,80.36,74.16,55.48,50.50,60.64,2,
30,111.73,80.73,77.54,55.70,50.70,62.46,2,
31,114.80,83.80,78.98,55.92,52.99,62.90,2,
32,117.19,86.19,80.62,56.16,54.01,63.10,2,
33,119.25,88.25,82.40,60.80,55.52,65.63,2,
34,121.14,90.14,83.83,62.70,56.62,67.68,2,
35,123.07,92.07,86.22,63.97,57.72,69.05,2,
36,126.88,95.88,86.76,64.97,59.36,71.35,2,
37,127.28,96.28,86.96,66.17,59.68,71.58,2,
38,127.51,96.51,88.49,67.28,60.14,74.30,2,
39,127.89,96.89,90.74,69.42,60.34,76.33,2,
40,128.13,97.13,94.85,69.64,60.69,76.89,2,
41,132.42,101.42,96.48,73.02,67.69,80.27,2,
42,133.90,102.90,98.27,74.21,68.93,83.48,2,
43,136.66,105.66,99.91,75.76,70.27,83.82,2,
44,139.04,108.04,101.63,77.04,70.79,84.72,2,
45,144.18,113.18,103.28,77.38,70.99,84.95,2,
46,147.27,116.27,104.84,79.78,71.19,85.17,2,
47,148.96,117.96,107.08,80.02,71.39,88.91,2,
48,149.16,118.16,108.66,81.69,71.59,90.68,2,
49,149.36,118.36,110.31,81.91,71.79,90.88,2,
50,150.04,119.04,112.48,82.13,72.12,91.83,2,
51,163.45,132.45,114.07,82.89,78.69,97.06,2,
52,165.47,134.47,116.36,88.75,79.35,103.71,2,
53,166.93,135.93,118.48,90.52,82.40,104.38,2,
54,167.35,136.35,120.03,91.80,82.86,104.83,2,
55,167.85,136.85,122.36,93.49,83.26,105.27,2,
56,177.77,146.77,124.60,94.24,83.66,105.77,2,
57,179.03,148.03,127.29,94.68,84.06,108.48,2,
58,179.46,148.46,128.21,95.12,84.46,108.95,2,
59,179.87,148.87,128.61,95.56,84.86,111.47,2,
60,180.30,149.30,129.35,96.00,86.39,112.19,2,
61,188.08,157.08,129.75,96.44,88.61,112.59,2,
62,189.89,158.89,130.17,96.88,90.06,112.99,2,
63,190.34,159.34,138.48,97.32,92.87,115.97,2,
64,198.33,167.33,143.30,103.42,93.27,119.97,2,
65,199.13,168.13,147.64,107.30,93.67,120.37,2,
66,199.56,168.56,150.34,107.74,94.07,120.77,2,
67,201.18,170.18,152.52,108.18,94.47,121.19,2,
68,205.01,174.01,153.31,108.62,94.87,121.63,2,
69,205.42,174.42,153.71,109.06,95.27,122.10,2,
70,205.85,174.85,161.28,109.50,97.62,122.50,2,
71,210.84,179.84,164.36,116.15,98.06,125.27,2,
72,212.00,181.00,164.76,116.82,100.37,129.37,2,
73,212.42,181.42,165.47,117.22,100.77,129.78,2,
74,212.85,181.85,166.13,117.62,101.17,130.29,2,
75,213.70,182.70,175.57,118.42,102.05,131.09,2,
76,223.12,192.12,176.52,120.68,103.33,140.46,2,
77,224.07,193.07,179.39,121.56,104.13,141.40,2,
78,224.92,193.92,180.30,122.44,104.93,142.29,2,
79,225.76,194.76,181.10,123.33,105.73,143.18,2,
80,226.61,195.61,181.97,124.21,106.53,143.98,2,
81,233.34,202.34,182.77,128.51,107.33,144.78,2,
82,234.19,203.19,194.92,129.77,111.15,145.85,2,
83,235.04,204.04,196.14,131.51,111.95,149.36,2,
84,235.88,204.88,196.94,132.39,112.75,151.23,2,
85,236.74,205.74,197.74,138.50,113.55,152.03,2,
86,248.07,217.07,202.03,139.39,114.35,152.83,2,
87,249.22,218.22,203.03,140.27,115.15,153.63,2,
88,250.07,219.07,203.86,141.15,115.95,154.78,2,
89,250.92,219.92,210.57,142.03,116.75,155.58,2,
90,251.76,220.76,213.50,142.91,117.55,156.55,2,
91,261.85,230.85,214.36,143.79,121.97,157.44,2,
92,262.87,231.87,221.25,144.67,122.77,158.32,2,
93,263.76,232.76,223.54,145.55,123.78,159.22,2,
94,264.56,233.56,224.40,146.44,124.68,161.08,2,
95,271.84,240.84,225.26,147.32,125.75,161.88,2,
96,272.64,241.64,226.06,149.79,128.57,162.68,2,
97,273.44,242.44,226.86,150.60,129.37,163.48,2,
98,274.40,243.40,228.40,151.40,134.65,164.28,2,
99,275.20,244.20,229.20,152.20,136.78,168.29,2,
100,276.00,245.00,230.00,153.00,139.00,181.00,2,
101,278.76,247.45,232.3,154.53,140.39,182.81,2,
102,281.52,249.90,234.60,156.06,141.78,184.62,2,
103,284.28,252.35,236.90,157.59,143.17,186.43,2,
104,287.04,254.80,239.20,159.12,144.56,188.24,2,
105,289.80,257.25,241.50,160.65,145.95,190.05,2,
106,292.56,259.70,243.80,162.18,147.34,191.86,2,
107,295.32,262.15,246.10,163.71,148.73,193.67,2,
108,298.08,264.60,248.40,165.24,150.12,195.48,2,
109,300.84,267.05,250.70,166.77,151.51,197.29,2,
110,303.60,269.50,253.00,168.30,152.90,199.10,2,
111,306.36,271.95,255.30,169.83,154.29,200.91,2,
112,309.12,274.40,257.60,171.36,155.68,202.72,2,
113,311.88,276.85,259.90,172.89,157.07,204.53,2,
114,314.64,279.30,262.20,174.42,158.46,206.34,2,
115,317.40,281.75,264.50,175.95,159.85,208.15,2,
116,320.16,284.20,266.80,177.48,161.24,209.96,2,
117,322.92,286.65,269.10,179.01,162.63,211.77,2,
118,325.68,289.10,271.40,180.54,164.02,213.58,2,
119,328.44,291.55,273.70,182.07,165.41,215.39,2,
120,331.20,294.00,276.00,183.60,166.80,217.20,2,
121,333.96,296.45,278.30,185.13,168.19,219.01,2,
122,336.72,298.90,280.60,186.66,169.58,220.82,2,
123,339.48,301.35,282.90,188.19,170.97,222.63,2,
124,342.24,303.80,285.20,189.72,172.36,224.44,2,
125,345.00,306.25,287.50,191.25,173.75,226.25,2,
126,347.76,308.70,289.80,192.78,175.14,228.06,2,
127,350.52,311.15,292.10,194.31,176.53,229.87,2,
128,353.28,313.60,294.40,195.84,177.92,231.68,2,
129,356.04,316.05,296.70,197.37,179.31,233.49,2,
130,358.80,318.50,299.00,198.90,180.70,235.30,2,
131,361.56,320.95,301.30,200.43,182.09,237.11,2,
132,364.32,323.40,303.60,201.96,183.48,238.92,2,
133,367.08,325.85,305.90,203.49,184.87,240.73,2,
134,369.84,328.30,308.20,205.02,186.26,242.54,2,
135,372.60,330.75,310.50,206.55,187.65,244.35,2,
136,375.36,333.20,312.80,208.08,189.04,246.16,2,
137,378.12,335.65,315.10,209.61,190.43,247.97,2,
138,380.88,338.10,317.40,211.14,191.82,249.78,2,
139,383.64,340.55,319.70,212.67,193.21,251.59,2,
140,386.40,343.00,322.00,214.20,194.60,253.40,2,
141,389.16,345.45,324.30,215.73,195.99,255.21,2,
142,391.92,347.90,326.60,217.26,197.38,257.02,2,
143,394.68,350.35,328.90,218.79,198.77,258.83,2,
144,397.44,352.80,331.20,220.32,200.16,260.64,2,
145,400.20,355.25,333.50,221.85,201.55,262.45,2,
146,402.96,357.70,335.80,223.38,202.94,264.26,2,
147,405.72,360.15,338.10,224.91,204.33,266.07,2,
148,408.48,362.60,340.40,226.44,205.72,267.88,2,
149,411.24,365.05,342.70,227.97,207.11,269.69,2,
150,414.00,367.50,345.00,229.50,208.50,271.50,2,
1,78.03,47.03,$ 39.59,20.89,$ 18.18,22.37,3,
2,78.30,47.30,42.36,21.92,18.51,22.82,3,
3,83.46,52.46,44.80,22.63,20.54,23.56,3,
4,84.59,53.59,47.50,23.41,21.22,24.37,3,
5,84.88,53.88,47.91,24.17,21.55,25.19,3,
6,90.49,59.49,54.57,25.11,23.49,26.13,3,
7,93.60,62.60,56.94,27.52,25.78,29.53,3,
8,93.92,62.92,58.58,30.02,27.25,31.96,3,
9,94.34,63.34,61.11,31.35,27.45,34.42,3,
10,95.17,64.17,62.91,33.43,27.65,35.59,3,
11,106.55,75.55,66.31,35.20,29.75,36.62,3,
12,109.05,78.05,69.69,37.26,35.01,40.90,3,
13,109.82,78.82,73.18,39.19,36.82,42.04,3,
14,110.78,79.78,76.03,41.23,37.22,43.90,3,
15,111.26,80.26,78.68,42.24,39.53,46.34,3,
16,120.86,89.86,79.40,43.64,40.77,47.90,3,
17,121.83,90.83,82.02,44.94,42.06,49.31,3,
18,122.32,91.32,82.95,46.42,43.38,52.07,3,
19,122.52,91.52,86.47,47.70,44.86,52.35,3,
20,122.92,91.92,89.03,49.75,45.19,54.59,3,
21,127.12,96.12,90.75,51.69,46.67,56.69,3,
22,132.45,101.45,92.67,54.18,49.57,57.63,3,
23,132.99,101.99,94.44,55.37,50.70,63.08,3,
24,133.41,102.41,96.02,57.57,53.89,63.64,3,
25,133.83,102.83,98.01,59.21,54.21,64.97,3,
26,141.99,110.99,100.79,60.84,57.26,66.74,3,
27,142.82,111.82,103.57,62.62,58.64,69.60,3,
28,143.20,112.20,106.26,64.68,58.84,69.89,3,
29,143.78,112.78,108.25,65.88,60.27,70.10,3,
30,143.98,112.98,109.44,67.67,61.91,74.22,3,
31,147.16,116.16,110.69,69.94,65.51,76.05,3,
32,149.95,118.95,112.60,71.49,65.87,81.06,3,
33,156.65,125.65,114.85,73.35,67.25,81.71,3,
34,157.32,126.32,117.42,74.70,67.45,81.93,3,
35,157.70,126.70,119.74,76.97,70.43,82.14,3,
36,160.19,129.19,122.31,78.67,72.00,86.20,3,
37,168.85,137.85,123.96,79.80,72.52,86.61,3,
38,169.72,138.72,126.46,81.01,72.85,88.88,3,
39,170.08,139.08,126.75,83.15,73.18,89.16,3,
40,170.46,139.46,132.54,85.35,73.51,91.50,3,
41,177.09,146.09,134.25,87.42,80.02,95.89,3,
42,177.76,146.76,136.25,89.54,81.98,99.97,3,
43,180.10,149.10,139.15,91.40,84.34,100.39,3,
44,187.92,156.92,141.66,92.53,84.58,100.61,3,
45,194.01,163.01,144.69,94.80,84.78,102.95,3,
46,194.63,163.63,147.15,95.85,84.98,109.32,3,
47,197.02,166.02,150.17,96.07,85.18,109.96,3,
48,197.36,166.36,153.15,99.94,85.38,110.16,3,
49,197.56,166.56,156.19,100.33,85.58,112.64,3,
50,198.50,167.50,158.48,100.55,85.96,120.32,3,
51,217.15,186.15,161.69,100.99,93.56,121.98,3,
52,226.90,195.90,164.12,106.41,94.87,126.41,3,
53,227.88,196.88,167.55,108.57,101.00,126.86,3,
54,228.30,197.30,170.87,109.88,101.62,129.70,3,
55,231.71,200.71,174.43,110.32,102.02,130.10,3,
56,242.96,211.96,177.43,110.76,102.42,130.50,3,
57,245.08,214.08,181.18,115.53,102.82,130.90,3,
58,245.98,214.98,185.34,116.01,103.22,131.30,3,
59,246.40,215.40,190.10,116.70,103.67,131.92,3,
60,246.83,215.83,194.33,117.14,107.03,139.32,3,
61,254.44,223.44,197.97,117.58,111.90,140.06,3,
62,261.35,230.35,200.80,118.02,112.69,140.53,3,
63,262.07,231.07,204.77,118.46,113.93,145.51,3,
64,269.39,238.39,205.63,120.78,116.16,147.16,3,
65,271.00,240.00,211.99,123.98,119.24,147.60,3,
66,271.66,240.66,212.64,124.42,120.86,150.84,3,
67,284.75,253.75,221.04,126.91,121.26,152.09,3,
68,286.23,255.23,225.13,127.93,121.75,153.23,3,
69,286.65,255.65,228.82,130.77,122.15,153.69,3,
70,287.08,256.08,233.58,142.52,125.57,161.74,3,
71,287.49,256.49,237.29,144.45,126.02,162.55,3,
72,295.03,264.03,240.98,144.89,126.46,162.95,3,
73,300.54,269.54,246.39,145.33,126.89,163.35,3,
74,301.10,270.10,246.95,145.77,127.33,163.75,3,
75,301.96,270.96,253.06,146.66,128.22,164.78,3,
76,309.48,278.48,253.93,147.53,129.09,165.58,3,
77,318.80,287.80,254.79,148.41,129.98,166.38,3,
78,319.74,288.74,266.44,149.29,131.01,167.25,3,
79,320.58,289.58,267.61,150.17,131.81,168.12,3,
80,321.43,290.43,275.69,151.05,132.61,168.99,3,
81,322.28,291.28,280.36,151.85,134.81,169.86,3,
82,323.13,292.13,284.88,152.65,140.46,183.85,3,
83,323.98,292.98,287.23,155.04,141.34,186.18,3,
84,324.82,293.82,288.05,155.92,146.22,186.98,3,
85,325.67,294.67,288.89,159.47,149.64,187.78,3,
86,342.63,311.63,297.53,164.39,150.53,188.58,3,
87,350.57,319.57,298.41,165.26,155.66,189.45,3,
88,351.42,320.42,303.06,166.15,156.46,190.41,3,
89,352.26,321.26,306.70,167.03,157.26,191.21,3,
90,353.11,322.11,307.56,167.91,158.38,195.73,3,
91,364.98,333.98,308.42,168.79,159.18,196.53,3,
92,366.18,335.18,318.10,169.67,159.98,197.33,3,
93,366.99,335.99,319.07,170.55,163.65,198.13,3,
94,367.81,336.81,326.26,171.43,164.55,198.93,3,
95,368.62,337.62,327.12,172.31,165.35,200.17,3,
96,369.44,338.44,327.99,173.11,166.15,200.97,3,
97,370.26,339.26,328.86,174.08,166.95,201.95,3,
98,371.07,340.07,333.40,174.96,167.75,202.75,3,
99,371.89,340.89,334.20,175.84,169.07,203.55,3,
100,373.00,342.00,335.00,191.00,180.00,217.00,3,
101,376.73,345.42,338.35,192.91,181.80,219.17,3,
102,380.46,348.84,341.70,194.82,183.60,221.34,3,
103,384.19,352.26,345.05,196.73,185.40,223.51,3,
104,387.92,355.68,348.40,198.64,187.20,225.68,3,
105,391.65,359.10,351.75,200.55,189.00,227.85,3,
106,395.38,362.52,355.10,202.46,190.80,230.02,3,
107,399.11,365.94,358.45,204.37,192.60,232.19,3,
108,402.84,369.36,361.80,206.28,194.40,234.36,3,
109,406.57,372.78,365.15,208.19,196.20,236.53,3,
110,410.30,376.20,368.50,210.10,198.00,238.70,3,
111,414.03,379.62,371.85,212.01,199.80,240.87,3,
112,417.76,383.04,375.20,213.92,201.60,243.04,3,
113,421.49,386.46,378.55,215.83,203.40,245.21,3,
114,425.22,389.88,381.90,217.74,205.20,247.38,3,
115,428.95,393.30,385.25,219.65,207.00,249.55,3,
116,432.68,396.72,388.60,221.56,208.80,251.72,3,
117,436.41,400.14,391.95,223.47,210.60,253.89,3,
118,440.14,403.56,395.30,225.38,212.40,256.06,3,
119,443.87,406.98,398.65,227.29,214.20,258.23,3,
120,447.60,410.40,402.00,229.20,216.00,260.40,3,
121,451.33,413.82,405.35,231.11,217.80,262.57,3,
122,455.06,417.24,408.70,233.02,219.60,264.74,3,
123,458.79,420.66,412.05,234.93,221.40,266.91,3,
124,462.52,424.08,415.40,236.84,223.20,269.08,3,
125,466.25,427.50,418.75,238.75,225.00,271.25,3,
126,469.98,430.92,422.10,240.66,226.80,273.42,3,
127,473.71,434.34,425.45,242.57,228.60,275.59,3,
128,477.44,437.76,428.80,244.48,230.40,277.76,3,
129,481.17,441.18,432.15,246.39,232.20,279.93,3,
130,484.90,444.60,435.50,248.30,234.00,282.10,3,
131,488.63,448.02,438.85,250.21,235.80,284.27,3,
132,492.36,451.44,442.20,252.12,237.60,286.44,3,
133,496.09,454.86,445.55,254.03,239.40,288.61,3,
134,499.82,458.28,448.90,255.94,241.20,290.78,3,
135,503.55,461.70,452.25,257.85,243.00,292.95,3,
136,507.28,465.12,455.60,259.76,244.80,295.12,3,
137,511.01,468.54,458.95,261.67,246.60,297.29,3,
138,514.74,471.96,462.30,263.58,248.40,299.46,3,
139,518.47,475.38,465.65,265.49,250.20,301.63,3,
140,522.20,478.80,469.00,267.40,252.00,303.80,3,
141,525.93,482.22,472.35,269.31,253.80,305.97,3,
142,529.66,485.64,475.70,271.22,255.60,308.14,3,
143,533.39,489.06,479.05,273.13,257.40,310.31,3,
144,537.12,492.48,482.40,275.04,259.20,312.48,3,
145,540.85,495.90,485.75,276.95,261.00,314.65,3,
146,544.58,499.32,489.10,278.86,262.80,316.82,3,
147,548.31,502.74,492.45,280.77,264.60,318.99,3,
148,552.04,506.16,495.80,282.68,266.40,321.16,3,
149,555.77,509.58,499.15,284.59,268.20,323.33,3,
150,559.50,513.00,502.50,286.50,270.00,325.50,3,
1,93.09,62.09,53.82,21.78,18.55,24.29,4,
2,98.80,67.80,61.89,22.63,18.89,24.51,4,
3,106.08,75.08,68.64,23.95,20.96,25.95,4,
4,114.98,83.98,74.36,25.93,22.79,28.10,4,
5,116.75,85.75,79.10,28.19,24.04,31.22,4,
6,127.42,96.42,88.00,30.72,27.46,34.03,4,
7,131.74,100.74,94.17,33.32,29.68,36.92,4,
8,136.11,105.11,99.45,35.65,30.69,39.49,4,
9,139.87,108.87,106.00,38.52,32.75,42.67,4,
10,141.08,110.08,107.92,41.48,33.61,45.96,4,
11,165.28,134.28,118.84,43.39,37.06,46.60,4,
12,168.30,137.30,125.38,45.77,40.42,50.71,4,
13,171.39,140.39,131.35,47.54,41.28,51.48,4,
14,177.53,146.53,138.04,50.63,44.78,56.08,4,
15,180.08,149.08,141.61,53.10,46.79,58.81,4,
16,190.57,159.57,149.68,55.42,48.41,61.38,4,
17,199.47,168.47,153.93,57.81,50.42,64.03,4,
18,200.50,169.50,158.56,59.91,52.36,66.34,4,
19,200.70,169.70,162.34,61.69,54.18,68.32,4,
20,201.48,170.48,166.73,64.07,55.23,70.94,4,
21,216.99,185.99,176.69,66.48,57.05,73.61,4,
22,221.78,190.78,181.25,68.31,59.54,78.54,4,
23,227.07,196.07,186.28,70.77,63.50,81.37,4,
24,229.88,198.88,188.44,73.03,65.10,83.20,4,
25,236.53,205.53,190.53,74.41,67.26,83.96,4,
26,248.44,217.44,202.44,77.17,69.46,88.73,4,
27,253.81,222.81,207.81,79.14,72.08,91.78,4,
28,259.80,228.80,213.80,80.96,73.89,92.09,4,
29,265.01,234.01,219.01,83.36,76.02,94.06,4,
30,265.54,234.54,219.54,86.24,76.24,95.50,4,
31,275.51,244.51,228.99,88.57,78.46,98.08,4,
32,280.69,249.69,233.98,91.09,80.69,100.87,4,
33,284.77,253.77,238.77,93.62,83.99,107.25,4,
34,290.17,259.17,244.17,95.59,84.32,107.91,4,
35,290.72,259.72,244.72,97.65,86.76,108.11,4,
36,300.99,269.99,254.99,99.67,90.01,110.37,4,
37,307.28,276.28,261.28,102.08,90.34,110.62,4,
38,311.60,280.60,265.60,104.67,92.93,114.77,4,
39,316.47,285.47,270.47,106.43,94.64,115.19,4,
40,316.97,285.97,270.97,108.97,94.84,120.65,4,
41,326.90,295.90,280.90,110.23,98.24,122.05,4,
42,330.69,299.69,284.69,112.48,100.46,126.02,4,
43,338.36,307.36,292.36,114.19,102.34,128.83,4,
44,343.48,312.48,297.48,116.78,104.62,134.27,4,
45,346.89,315.89,300.89,118.48,104.95,138.82,4,
46,351.97,320.97,305.95,120.86,111.23,141.59,4,
47,352.48,321.48,306.46,122.87,111.86,141.88,4,
48,352.68,321.68,306.68,125.07,112.06,146.54,4,
49,352.88,321.88,306.88,125.31,112.26,147.03,4,
50,354.05,323.05,307.74,129.23,112.62,150.28,4,
51,377.45,346.45,324.32,132.09,119.76,152.72,4,
52,402.24,371.24,347.99,136.34,120.48,156.17,4,
53,404.72,373.72,353.33,138.26,122.25,164.17,4,
54,405.12,374.12,359.12,140.42,122.69,164.97,4,
55,407.82,376.82,361.82,141.64,126.56,165.37,4,
56,408.22,377.22,362.22,142.08,127.00,165.77,4,
57,408.94,377.94,362.94,146.45,130.18,166.17,4,
58,409.39,378.39,363.39,146.89,130.63,166.57,4,
59,418.39,387.39,372.39,151.96,131.07,170.18,4,
60,419.29,388.29,373.29,152.82,131.50,170.89,4,
61,434.91,403.91,388.91,153.26,138.47,171.29,4,
62,441.05,410.05,395.05,153.70,140.68,174.99,4,
63,444.74,413.74,398.74,154.15,141.12,175.50,4,
64,445.14,414.14,399.14,154.59,141.55,182.05,4,
65,448.71,417.71,402.71,155.03,146.84,186.61,4,
66,466.10,435.10,420.10,156.76,147.38,190.63,4,
67,467.84,436.84,421.84,157.16,147.82,191.07,4,
68,468.24,437.24,422.24,161.54,152.97,191.52,4,
69,468.69,437.69,422.69,161.98,153.49,192.02,4,
70,469.09,438.09,423.09,167.65,155.16,198.38,4,
71,470.51,439.51,424.51,168.22,155.60,199.02,4,
72,498.83,467.83,452.83,168.66,156.86,203.24,4,
73,501.67,470.67,455.67,169.47,157.30,207.68,4,
74,502.11,471.11,456.11,169.91,157.74,208.13,4,
75,502.91,471.91,456.91,170.79,158.62,208.93,4,
76,505.43,474.43,459.43,171.67,159.50,209.73,4,
77,507.37,476.37,461.37,175.17,160.38,210.53,4,
78,524.85,493.85,478.85,178.55,161.26,211.33,4,
79,526.60,495.60,480.60,179.42,162.14,212.13,4,
80,527.40,496.40,481.40,180.30,163.10,212.93,4,
81,542.10,511.10,496.10,181.18,163.90,213.73,4,
82,544.80,513.80,498.80,182.06,170.34,227.07,4,
83,545.62,514.62,499.62,182.94,174.68,228.41,4,
84,546.46,515.46,500.46,185.67,178.56,229.21,4,
85,547.29,516.29,501.29,195.17,187.70,230.59,4,
86,548.76,517.76,502.76,196.13,188.62,231.46,4,
87,567.35,536.35,521.35,197.01,189.52,232.54,4,
88,569.22,538.22,523.22,197.89,190.32,233.34,4,
89,591.39,560.39,545.39,198.77,191.16,234.14,4,
90,613.15,582.15,565.93,199.65,195.73,234.94,4,
91,615.33,584.33,568.00,200.52,196.53,235.81,4,
92,616.13,585.13,568.88,201.40,197.33,249.18,4,
93,616.93,585.93,570.93,202.28,198.31,250.52,4,
94,617.73,586.73,571.73,203.17,199.18,257.70,4,
95,618.53,587.53,572.53,204.05,200.04,258.50,4,
96,619.33,588.33,573.33,209.88,205.76,259.30,4,
97,620.30,589.30,574.30,214.95,206.72,260.10,4,
98,639.69,608.69,593.69,215.83,211.59,260.90,4,
99,649.06,618.06,603.06,220.92,213.30,261.96,4,
100,650.00,619.00,604.00,245.00,237.00,283.00,4,
101,656.50,625.19,610.04,247.45,239.37,285.83,4,
102,663.00,631.38,616.08,249.90,241.74,288.66,4,
103,669.50,637.57,622.12,252.35,244.11,291.49,4,
104,676.00,643.76,628.16,254.80,246.48,294.32,4,
105,682.50,649.95,634.20,257.25,248.85,297.15,4,
106,689.00,656.14,640.24,259.70,251.22,299.98,4,
107,695.50,662.33,646.28,262.15,253.59,302.81,4,
108,702.00,668.52,652.32,264.60,255.96,305.64,4,
109,708.50,674.71,658.36,267.05,258.33,308.47,4,
110,715.00,680.90,664.40,269.50,260.70,311.30,4,
111,721.50,687.09,670.44,271.95,263.07,314.13,4,
112,728.00,693.28,676.48,274.40,265.44,316.96,4,
113,734.50,699.47,682.52,276.85,267.81,319.79,4,
114,741.00,705.66,688.56,279.30,270.18,322.62,4,
115,747.50,711.85,694.60,281.75,272.55,325.45,4,
116,754.00,718.04,700.64,284.20,274.92,328.28,4,
117,760.50,724.23,706.68,286.65,277.29,331.11,4,
118,767.00,730.42,712.72,289.10,279.66,333.94,4,
119,773.50,736.61,718.76,291.55,282.03,336.77,4,
120,780.00,742.80,724.80,294.00,284.40,339.60,4,
121,786.50,748.99,730.84,296.45,286.77,342.43,4,
122,793.00,755.18,736.88,298.90,289.14,345.26,4,
123,799.50,761.37,742.92,301.35,291.51,348.09,4,
124,806.00,767.56,748.96,303.80,293.88,350.92,4,
125,812.50,773.75,755.00,306.25,296.25,353.75,4,
126,819.00,779.94,761.04,308.70,298.62,356.58,4,
127,825.50,786.13,767.08,311.15,300.99,359.41,4,
128,832.00,792.32,773.12,313.60,303.36,362.24,4,
129,838.50,798.51,779.16,316.05,305.73,365.07,4,
130,845.00,804.70,785.20,318.50,308.10,367.90,4,
131,851.50,810.89,791.24,320.95,310.47,370.73,4,
132,858.00,817.08,797.28,323.40,312.84,373.56,4,
133,864.50,823.27,803.32,325.85,315.21,376.39,4,
134,871.00,829.46,809.36,328.30,317.58,379.22,4,
135,877.50,835.65,815.40,330.75,319.95,382.05,4,
136,884.00,841.84,821.44,333.20,322.32,384.88,4,
137,890.50,848.03,827.48,335.65,324.69,387.71,4,
138,897.00,854.22,833.52,338.10,327.06,390.54,4,
139,903.50,860.41,839.56,340.55,329.43,393.37,4,
140,910.00,866.60,845.60,343.00,331.80,396.20,4,
141,916.50,872.79,851.64,345.45,334.17,399.03,4,
142,923.00,878.98,857.68,347.90,336.54,401.86,4,
143,929.50,885.17,863.72,350.35,338.91,404.69,4,
144,936.00,891.36,869.76,352.80,341.28,407.52,4,
145,942.50,897.55,875.80,355.25,343.65,410.35,4,
146,949.00,903.74,881.84,357.70,346.02,413.18,4,
147,955.50,909.93,887.88,360.15,348.39,416.01,4,
148,962.00,916.12,893.92,362.60,350.76,418.84,4,
149,968.50,922.31,899.96,365.05,353.13,421.67,4,
150,975.00,928.50,906.00,367.50,355.50,424.50,4,
1,100.56,69.56,60.41,25.16,20.96,29.13,5,
2,105.68,74.68,68.15,27.33,21.33,31.04,5,
3,116.35,85.35,75.50,30.09,23.66,34.19,5,
4,124.46,93.46,82.74,35.13,26.59,39.93,5,
5,125.29,94.29,89.96,39.03,27.68,44.33,5,
6,141.30,110.30,95.91,42.62,32.61,48.42,5,
7,146.71,115.71,104.23,46.57,33.25,52.89,5,
8,151.21,120.21,110.97,50.81,35.74,57.72,5,
9,151.66,120.66,118.07,54.53,37.18,61.96,5,
10,153.35,122.35,119.94,58.26,39.97,66.19,5,
11,187.07,156.07,133.65,62.29,42.24,66.63,5,
12,194.37,163.37,139.76,65.81,48.94,75.43,5,
13,197.99,166.99,146.24,69.76,49.87,79.23,5,
14,198.36,167.36,152.43,73.78,52.84,83.80,5,
15,199.42,168.42,158.57,76.62,55.14,87.04,5,
16,220.42,189.42,164.42,79.12,59.10,89.88,5,
17,222.52,191.52,169.72,82.91,59.67,95.97,5,
18,222.75,191.75,173.24,85.78,61.90,99.27,5,
19,222.95,191.95,176.89,89.28,64.15,103.33,5,
20,223.32,192.32,183.72,93.44,66.82,106.16,5,
21,230.72,199.72,189.76,96.60,67.09,111.81,5,
22,236.52,205.52,201.49,99.31,71.32,114.93,5,
23,246.30,215.30,206.56,102.15,73.40,118.22,5,
24,255.00,224.00,209.20,106.12,76.16,122.81,5,
25,255.87,224.87,209.87,109.76,78.77,127.05,5,
26,271.39,240.39,223.10,113.36,81.33,131.18,5,
27,272.95,241.95,226.95,117.36,85.72,135.84,5,
28,280.06,249.06,233.42,120.16,86.17,139.03,5,
29,280.78,249.78,234.78,123.01,88.41,142.36,5,
30,282.97,251.97,236.97,127.03,91.16,147.03,5,
31,294.23,263.23,248.23,129.88,95.30,150.31,5,
32,295.36,264.36,249.36,133.03,95.72,151.10,5,
33,313.04,282.04,260.16,135.86,98.34,157.24,5,
34,314.81,283.81,264.84,140.62,100.72,159.74,5,
35,315.13,284.13,269.13,143.40,103.25,160.31,5,
36,320.86,289.86,274.86,146.34,103.62,166.19,5,
37,338.24,307.24,282.39,150.13,108.03,166.79,5,
38,339.98,308.98,289.14,153.16,110.58,167.01,5,
39,340.20,309.20,294.10,156.21,113.02,170.53,5,
40,340.60,309.60,294.60,159.73,114.04,184.85,5,
41,348.53,317.53,302.53,162.66,118.09,186.29,5,
42,353.38,322.38,307.38,166.10,121.13,192.24,5,
43,362.02,331.02,316.02,168.87,123.38,195.46,5,
44,371.07,340.07,325.07,171.87,125.92,198.92,5,
45,374.44,343.44,328.44,174.27,128.68,201.70,5,
46,383.81,352.81,337.81,176.04,133.28,204.76,5,
47,385.20,354.20,339.20,176.27,133.74,207.62,5,
48,387.88,356.88,341.88,176.49,138.19,210.68,5,
49,388.15,357.15,342.15,176.71,138.64,210.99,5,
50,389.75,358.75,343.75,177.02,138.88,214.78,5,
51,421.70,390.70,375.70,183.02,143.58,222.48,5,
52,429.36,398.36,383.36,193.08,144.05,223.26,5,
53,437.21,406.21,391.21,194.51,152.05,223.79,5,
54,438.00,407.00,392.00,194.96,154.88,234.06,5,
55,439.00,408.00,393.00,195.41,157.17,235.10,5,
56,450.20,419.20,404.20,195.97,160.01,235.73,5,
57,451.32,420.32,405.32,207.05,162.47,247.27,5,
58,451.72,420.72,405.72,208.16,165.02,248.43,5,
59,458.06,427.06,412.06,208.61,167.09,248.91,5,
60,458.70,427.70,412.70,214.43,167.53,258.36,5,
61,471.08,440.08,425.08,215.02,173.21,259.31,5,
62,476.55,445.55,430.55,215.47,175.59,259.82,5,
63,477.18,446.18,431.18,219.93,178.34,269.90,5,
64,489.69,458.69,443.69,220.38,180.72,270.91,5,
65,494.70,463.70,448.70,226.23,182.61,271.31,5,
66,509.15,478.15,463.15,226.82,183.05,275.40,5,
67,510.60,479.60,464.60,227.27,183.49,275.85,5,
68,516.52,485.52,470.52,227.72,190.51,276.31,5,
69,517.89,486.89,471.89,228.71,191.22,276.76,5,
70,518.30,487.30,472.30,248.10,196.06,277.21,5,
71,519.17,488.17,473.17,250.05,197.72,277.66,5,
72,535.57,504.57,489.57,250.49,200.46,278.12,5,
73,537.21,506.21,491.21,254.61,201.32,278.56,5,
74,537.62,506.62,491.62,255.06,201.76,279.01,5,
75,538.45,507.45,492.45,260.20,202.65,279.92,5,
76,542.78,511.78,496.78,262.07,203.52,284.55,5,
77,559.15,528.15,513.15,262.97,204.41,299.32,5,
78,571.53,540.53,525.53,275.58,205.28,301.33,5,
79,579.59,548.59,533.59,276.85,206.17,324.18,5,
80,581.34,550.34,535.34,277.75,207.04,326.47,5,
81,615.04,584.04,569.04,278.64,208.01,327.27,5,
82,618.41,587.41,572.41,279.54,223.60,333.93,5,
83,619.24,588.24,573.24,280.44,226.01,334.84,5,
84,620.08,589.08,574.08,281.34,226.90,335.75,5,
85,620.91,589.91,574.91,292.84,235.12,342.71,5,
86,623.04,592.04,577.04,293.99,236.01,343.93,5,
87,625.69,594.69,579.69,294.89,236.88,364.09,5,
88,626.98,595.98,580.98,295.79,237.77,366.12,5,
89,652.78,621.78,606.78,296.68,238.64,367.02,5,
90,656.41,625.41,610.41,297.58,239.53,367.92,5,
91,657.21,626.21,611.21,298.48,240.40,368.83,5,
92,658.01,627.01,612.01,299.38,241.28,369.74,5,
93,658.81,627.81,612.81,300.27,242.17,370.64,5,
94,659.61,628.61,613.61,301.17,243.04,371.55,5,
95,664.12,633.12,615.42,302.07,243.93,372.46,5,
96,668.36,637.36,622.36,307.41,244.80,373.36,5,
97,673.61,642.61,627.61,308.31,245.69,374.23,5,
98,675.38,644.38,629.38,309.21,246.56,375.03,5,
99,710.65,679.65,660.66,327.21,256.50,377.13,5,
100,720.00,689.00,674.00,346.00,285.00,419.00,5,
101,727.20,695.89,680.74,349.46,287.85,423.19,5,
102,734.40,702.78,687.48,352.92,290.70,427.38,5,
103,741.60,709.67,694.22,356.38,293.55,431.57,5,
104,748.80,716.56,700.96,359.84,296.40,435.76,5,
105,756.00,723.45,707.70,363.30,299.25,439.95,5,
106,763.20,730.34,714.44,366.76,302.10,444.14,5,
107,770.40,737.23,721.18,370.22,304.95,448.33,5,
108,777.60,744.12,727.92,373.68,307.80,452.52,5,
109,784.80,751.01,734.66,377.14,310.65,456.71,5,
110,792.00,757.90,741.40,380.60,313.50,460.90,5,
111,799.20,764.79,748.14,384.06,316.35,465.09,5,
112,806.40,771.68,754.88,387.52,319.20,469.28,5,
113,813.60,778.57,761.62,390.98,322.05,473.47,5,
114,820.80,785.46,768.36,394.44,324.90,477.66,5,
115,828.00,792.35,775.10,397.90,327.75,481.85,5,
116,835.20,799.24,781.84,401.36,330.60,486.04,5,
117,842.40,806.13,788.58,404.82,333.45,490.23,5,
118,849.60,813.02,795.32,408.28,336.30,494.42,5,
119,856.80,819.91,802.06,411.74,339.15,498.61,5,
120,864.00,826.80,808.80,415.20,342.00,502.80,5,
121,871.20,833.69,815.54,418.66,344.85,506.99,5,
122,878.40,840.58,822.28,422.12,347.70,511.18,5,
123,885.60,847.47,829.02,425.58,350.55,515.37,5,
124,892.80,854.36,835.76,429.04,353.40,519.56,5,
125,900.00,861.25,842.50,432.50,356.25,523.75,5,
126,907.20,868.14,849.24,435.96,359.10,527.94,5,
127,914.40,875.03,855.98,439.42,361.95,532.13,5,
128,921.60,881.92,862.72,442.88,364.80,536.32,5,
129,928.80,888.81,869.46,446.34,367.65,540.51,5,
130,936.00,895.70,876.20,449.80,370.50,544.70,5,
131,943.20,902.59,882.94,453.26,373.35,548.89,5,
132,950.40,909.48,889.68,456.72,376.20,553.08,5,
133,957.60,916.37,896.42,460.18,379.05,557.27,5,
134,964.80,923.26,903.16,463.64,381.90,561.46,5,
135,972.00,930.15,909.90,467.10,384.75,565.65,5,
136,979.20,937.04,916.64,470.56,387.60,569.84,5,
137,986.40,943.93,923.38,474.02,390.45,574.03,5,
138,993.60,950.82,930.12,477.48,393.30,578.22,5,
139,"1,000.80",957.71,936.86,480.94,396.15,582.41,5,
140,"1,008.00",964.60,943.60,484.40,399.00,586.60,5,
141,"1,015.20",971.49,950.34,487.86,401.85,590.79,5,
142,"1,022.40",978.38,957.08,491.32,404.70,594.98,5,
143,"1,029.60",985.27,963.82,494.78,407.55,599.17,5,
144,"1,036.80",992.16,970.56,498.24,410.40,603.36,5,
145,"1,044.00",999.05,977.30,501.70,413.25,607.55,5,
146,"1,051.20","1,005.94",984.04,505.16,416.10,611.74,5,
147,"1,058.40","1,012.83",990.78,508.62,418.95,615.93,5,
148,"1,065.60","1,019.72",997.52,512.08,421.80,620.12,5,
149,"1,072.80","1,026.61","1,004.26",515.54,424.65,624.31,5,
150,"1,080.00","1,033.50","1,011.00",519.00,427.50,628.50,5,
1,104.23,73.23,65.47,30.63,23.96,35.79,6,
2,107.91,76.91,75.37,34.53,25.55,39.60,6,
3,122.79,91.79,80.55,39.68,29.70,45.49,6,
4,127.87,96.87,91.29,45.85,31.25,52.57,6,
5,128.76,97.76,93.30,51.21,35.46,58.71,6,
6,146.37,115.37,105.50,56.93,41.65,66.50,6,
7,151.11,120.11,113.00,64.03,43.95,73.43,6,
8,156.78,125.78,120.62,70.84,48.25,81.53,6,
9,157.35,126.35,123.87,77.08,49.82,90.03,6,
10,159.09,128.09,125.56,82.28,52.91,94.36,6,
11,193.89,162.89,144.66,88.82,58.66,95.91,6,
12,200.79,169.79,151.73,95.70,62.30,111.81,6,
13,201.49,170.49,157.89,101.92,63.69,116.89,6,
14,201.71,170.71,164.00,108.17,66.92,124.04,6,
15,202.79,171.79,167.02,113.88,70.55,133.04,6,
16,224.22,193.22,175.71,118.89,73.52,138.89,6,
17,226.37,195.37,179.79,124.25,76.47,142.48,6,
18,226.59,195.59,183.75,129.39,79.21,151.15,6,
19,226.79,195.79,187.89,134.11,81.88,156.69,6,
20,227.39,196.39,189.06,138.89,84.93,159.26,6,
21,239.39,208.39,204.20,139.38,88.97,168.02,6,
22,240.85,209.85,205.73,148.52,92.07,173.51,6,
23,257.78,226.78,212.97,153.88,95.86,179.77,6,
24,259.48,228.48,217.00,159.49,99.02,182.85,6,
25,263.93,232.93,217.93,164.69,101.81,192.38,6,
26,282.40,251.40,236.40,170.27,104.98,198.92,6,
27,288.56,257.56,241.42,176.05,107.74,205.67,6,
28,289.18,258.18,243.18,180.55,117.46,210.94,6,
29,289.40,258.40,243.40,185.40,120.92,212.60,6,
30,290.52,259.52,244.52,190.49,124.77,218.41,6,
31,312.69,281.69,263.68,194.84,131.14,227.62,6,
32,314.91,283.91,268.91,200.56,131.78,234.30,6,
33,319.97,288.97,273.97,205.93,135.62,240.56,6,
34,320.49,289.49,274.49,212.16,137.83,247.83,6,
35,321.00,290.00,275.00,218.53,138.07,250.59,6,
36,331.16,300.16,285.16,224.40,138.60,257.30,6,
37,345.77,314.77,299.77,230.49,149.01,264.27,6,
38,350.83,319.83,304.83,236.37,152.14,276.11,6,
39,351.34,320.34,305.34,242.08,155.75,282.82,6,
40,352.23,321.23,306.23,247.58,156.12,289.24,6,
41,370.01,339.01,324.01,253.17,161.99,295.77,6,
42,371.79,340.79,325.79,258.60,165.46,296.50,6,
43,377.98,346.98,331.98,264.69,168.79,302.73,6,
44,384.05,353.05,338.05,269.84,171.84,315.22,6,
45,384.67,353.67,338.67,274.76,172.15,320.98,6,
46,396.91,365.91,350.91,279.40,176.77,326.00,6,
47,398.63,367.63,352.63,279.91,177.24,326.60,6,
48,398.83,367.83,352.83,289.93,177.48,338.60,6,
49,399.03,368.03,353.03,294.86,177.68,344.45,6,
50,400.49,369.49,354.49,299.90,177.99,350.35,6,
51,429.66,398.66,383.66,314.33,184.19,369.29,6,
52,444.26,413.26,398.26,319.11,206.06,374.27,6,
53,445.72,414.72,399.72,319.60,208.26,374.77,6,
54,446.14,415.14,400.14,320.30,208.73,375.23,6,
55,447.16,416.16,401.16,334.01,209.26,375.63,6,
56,458.59,427.59,412.59,335.39,219.69,376.03,6,
57,460.54,429.54,414.54,346.31,220.74,376.59,6,
58,469.33,438.33,423.33,350.34,227.69,376.99,6,
59,470.22,439.22,424.22,354.69,228.39,377.95,6,
60,471.12,440.12,425.12,360.14,229.01,395.78,6,
61,488.95,457.95,442.95,365.25,229.59,397.57,6,
62,490.82,459.82,444.82,366.05,241.02,399.71,6,
63,492.94,461.94,446.94,379.25,248.57,442.50,6,
64,507.24,476.24,461.24,380.58,252.46,446.78,6,
65,510.23,479.23,464.23,381.00,252.90,459.00,6,
66,524.93,493.93,478.93,381.65,254.64,460.23,6,
67,526.40,495.40,480.40,382.07,255.08,460.68,6,
68,526.83,495.83,480.83,382.50,255.52,461.10,6,
69,527.63,496.63,481.63,383.80,255.96,465.80,6,
70,528.05,497.05,482.05,403.94,256.40,466.27,6,
71,528.97,497.97,482.97,405.96,256.84,475.07,6,
72,545.67,514.67,499.67,412.87,257.28,475.95,6,
73,547.34,516.34,501.34,413.57,257.72,480.92,6,
74,547.76,516.76,501.76,414.15,258.16,481.42,6,
75,548.60,517.60,502.60,425.61,259.04,482.22,6,
76,553.02,522.02,507.02,432.27,259.92,483.02,6,
77,574.15,543.15,528.15,445.48,260.79,483.82,6,
78,588.32,557.32,542.32,446.81,261.68,494.43,6,
79,596.57,565.57,550.57,449.20,262.55,514.88,6,
80,598.18,567.18,552.18,473.65,263.44,516.93,6,
81,628.25,597.25,582.25,476.10,266.59,519.01,6,
82,631.26,600.26,585.26,477.00,285.96,560.42,6,
83,632.09,601.09,586.09,484.52,302.59,569.21,6,
84,632.95,601.95,586.95,489.72,304.26,570.09,6,
85,633.75,602.75,587.75,490.62,305.14,573.02,6,
86,634.89,603.89,588.89,491.51,306.02,573.82,6,
87,637.59,606.59,591.59,492.41,306.90,574.62,6,
88,639.14,608.14,593.14,493.31,307.78,575.74,6,
89,670.01,639.01,624.01,499.40,308.74,576.64,6,
90,678.01,647.01,632.01,504.58,309.54,577.55,6,
91,678.81,647.81,632.81,505.48,310.42,578.46,6,
92,679.61,648.61,633.61,506.38,311.30,579.36,6,
93,680.41,649.41,634.41,507.27,312.18,580.27,6,
94,681.21,650.21,635.21,508.17,313.06,581.18,6,
95,682.04,651.04,636.04,509.72,314.35,598.81,6,
96,686.86,655.86,640.86,513.72,339.50,635.11,6,
97,693.41,662.41,647.41,524.51,342.02,638.74,6,
98,707.36,676.36,661.36,536.80,342.90,639.93,6,
99,731.57,700.57,685.57,546.02,358.20,663.70,6,
100,734.00,703.00,688.00,555.00,398.00,684.00,6,
101,741.34,710.03,694.88,560.55,401.98,690.84,6,
102,748.68,717.06,701.76,566.10,405.96,697.68,6,
103,756.02,724.09,708.64,571.65,409.94,704.52,6,
104,763.36,731.12,715.52,577.20,413.92,711.36,6,
105,770.70,738.15,722.40,582.75,417.90,718.20,6,
106,778.04,745.18,729.28,588.30,421.88,725.04,6,
107,785.38,752.21,736.16,593.85,425.86,731.88,6,
108,792.72,759.24,743.04,599.40,429.84,738.72,6,
109,800.06,766.27,749.92,604.95,433.82,745.56,6,
110,807.40,773.30,756.80,610.50,437.80,752.40,6,
111,814.74,780.33,763.68,616.05,441.78,759.24,6,
112,822.08,787.36,770.56,621.60,445.76,766.08,6,
113,829.42,794.39,777.44,627.15,449.74,772.92,6,
114,836.76,801.42,784.32,632.70,453.72,779.76,6,
115,844.10,808.45,791.20,638.25,457.70,786.60,6,
116,851.44,815.48,798.08,643.80,461.68,793.44,6,
117,858.78,822.51,804.96,649.35,465.66,800.28,6,
118,866.12,829.54,811.84,654.90,469.64,807.12,6,
119,873.46,836.57,818.72,660.45,473.62,813.96,6,
120,880.80,843.60,825.60,666.00,477.60,820.80,6,
121,888.14,850.63,832.48,671.55,481.58,827.64,6,
122,895.48,857.66,839.36,677.10,485.56,834.48,6,
123,902.82,864.69,846.24,682.65,489.54,841.32,6,
124,910.16,871.72,853.12,688.20,493.52,848.16,6,
125,917.50,878.75,860.00,693.75,497.50,855.00,6,
126,924.84,885.78,866.88,699.30,501.48,861.84,6,
127,932.18,892.81,873.76,704.85,505.46,868.68,6,
128,939.52,899.84,880.64,710.40,509.44,875.52,6,
129,946.86,906.87,887.52,715.95,513.42,882.36,6,
130,954.20,913.90,894.40,721.50,517.40,889.20,6,
131,961.54,920.93,901.28,727.05,521.38,896.04,6,
132,968.88,927.96,908.16,732.60,525.36,902.88,6,
133,976.22,934.99,915.04,738.15,529.34,909.72,6,
134,983.56,942.02,921.92,743.70,533.32,916.56,6,
135,990.90,949.05,928.80,749.25,537.30,923.40,6,
136,998.24,956.08,935.68,754.80,541.28,930.24,6,
137,"1,005.58",963.11,942.56,760.35,545.26,937.08,6,
138,"1,012.92",970.14,949.44,765.90,549.24,943.92,6,
139,"1,020.26",977.17,956.32,771.45,553.22,950.76,6,
140,"1,027.60",984.20,963.20,777.00,557.20,957.60,6,
141,"1,034.94",991.23,970.08,782.55,561.18,964.44,6,
142,"1,042.28",998.26,976.96,788.10,565.16,971.28,6,
143,"1,049.62","1,005.29",983.84,793.65,569.14,978.12,6,
144,"1,056.96","1,012.32",990.72,799.20,573.12,984.96,6,
145,"1,064.30","1,019.35",997.60,804.75,577.10,991.80,6,
146,"1,071.64","1,026.38","1,004.48",810.30,581.08,998.64,6,
147,"1,078.98","1,033.41","1,011.36",815.85,585.06,"1,005.48",6,
148,"1,086.32","1,040.44","1,018.24",821.40,589.04,"1,012.32",6,
149,"1,093.66","1,047.47","1,025.12",826.95,593.02,"1,019.16",6,
150,"1,101.00","1,054.50","1,032.00",832.50,597.00,"1,026.00",6,
1,114.16,83.16,71.16,32.67,25.18,38.20,7,
2,117.58,86.58,81.50,38.33,28.06,44.02,7,
3,131.78,100.78,89.69,44.40,31.40,50.97,7,
4,140.45,109.45,97.61,50.70,35.88,59.29,7,
5,141.97,110.97,99.75,56.49,39.61,66.04,7,
6,158.27,127.27,111.44,62.77,44.01,73.33,7,
7,163.84,132.84,119.83,69.68,49.79,81.47,7,
8,171.69,140.69,128.32,76.76,54.50,89.77,7,
9,172.48,141.48,136.81,84.17,59.80,96.63,7,
10,173.85,142.85,138.56,91.57,64.35,105.11,7,
11,201.18,170.18,154.76,98.15,69.01,108.56,7,
12,204.75,173.75,163.19,105.14,73.39,123.08,7,
13,220.18,189.18,171.83,110.39,73.83,126.71,7,
14,221.73,190.73,179.32,116.16,77.61,134.49,7,
15,222.70,191.70,185.26,121.30,84.79,141.84,7,
16,242.10,211.10,190.08,127.52,89.21,148.55,7,
17,244.04,213.04,194.40,134.32,89.66,157.06,7,
18,244.24,213.24,198.57,140.25,97.93,162.17,7,
19,244.44,213.44,203.02,146.71,100.59,171.55,7,
20,245.06,214.06,207.57,151.74,100.93,174.19,7,
21,257.30,226.30,217.26,156.95,107.58,183.51,7,
22,268.48,237.48,232.82,162.95,108.25,187.05,7,
23,281.46,250.46,235.32,168.30,117.21,196.80,7,
24,286.52,255.52,238.40,170.58,118.11,204.49,7,
25,287.17,256.17,241.17,181.04,125.34,211.70,7,
26,293.59,262.59,247.59,187.27,129.67,218.96,7,
27,300.01,269.01,254.01,193.56,134.22,226.35,7,
28,305.98,274.98,259.98,198.55,138.32,230.74,7,
29,313.90,282.90,267.90,203.52,142.43,235.07,7,
30,315.12,284.12,269.12,209.02,142.85,238.10,7,
31,324.84,293.84,278.84,213.55,146.59,249.72,7,
32,326.25,295.25,280.25,219.48,147.65,250.89,7,
33,343.62,312.62,294.99,224.53,151.47,257.11,7,
34,350.22,319.22,301.42,230.11,155.03,269.04,7,
35,353.19,322.19,307.19,235.17,158.94,270.76,7,
36,357.93,326.93,311.93,241.24,162.20,279.33,7,
37,368.70,337.70,319.20,249.80,165.46,280.79,7,
38,369.78,338.78,323.78,256.30,168.78,287.18,7,
39,378.31,347.31,329.51,263.12,177.62,300.46,7,
40,379.17,348.17,333.17,269.57,178.51,307.03,7,
41,384.11,353.11,338.11,276.60,178.71,323.42,7,
42,385.42,354.42,339.42,283.42,182.48,331.40,7,
43,402.69,371.69,356.69,288.68,186.54,337.54,7,
44,408.72,377.72,362.72,293.59,190.52,343.28,7,
45,414.84,383.84,368.84,299.08,194.49,349.72,7,
46,419.21,388.21,373.21,303.91,201.67,355.36,7,
47,420.35,389.35,374.35,304.40,202.39,360.85,7,
48,427.43,396.43,381.43,311.81,216.40,363.32,7,
49,428.16,397.16,382.16,312.56,218.55,363.68,7,
50,429.79,398.79,383.79,313.01,218.97,370.78,7,
51,462.28,431.28,416.28,321.80,220.75,391.11,7,
52,479.14,448.14,425.26,344.74,221.15,397.94,7,
53,499.98,468.98,434.47,348.27,221.61,403.79,7,
54,502.07,471.07,444.23,348.71,230.74,404.38,7,
55,502.47,471.47,450.55,349.14,231.66,412.70,7,
56,502.87,471.87,456.86,349.57,232.75,415.72,7,
57,503.50,472.50,457.50,356.63,254.42,416.33,7,
58,504.77,473.77,458.77,357.35,256.60,421.24,7,
59,506.09,475.09,460.09,361.79,260.62,429.56,7,
60,532.42,501.42,486.42,369.82,261.06,442.41,7,
61,548.08,517.08,502.08,372.86,269.54,446.65,7,
62,555.47,524.47,509.47,373.54,274.18,451.12,7,
63,562.95,531.95,516.95,386.86,278.58,456.55,7,
64,572.56,541.56,526.56,388.20,282.98,474.90,7,
65,580.96,549.96,534.96,388.62,287.36,502.29,7,
66,581.80,550.80,535.80,389.29,291.27,505.03,7,
67,582.20,551.20,536.20,389.72,291.72,505.43,7,
68,582.60,551.60,536.60,390.15,292.16,505.96,7,
69,583.00,552.00,537.00,391.48,292.80,507.33,7,
70,584.18,553.18,538.18,416.83,305.31,516.93,7,
71,607.53,576.53,561.53,420.99,312.89,517.89,7,
72,632.63,601.63,584.35,421.42,316.27,527.60,7,
73,635.14,604.14,589.06,421.85,316.71,528.58,7,
74,635.54,604.54,589.54,422.44,317.15,539.69,7,
75,636.35,605.35,590.34,434.13,318.04,541.70,7,
76,652.34,621.34,606.34,440.92,326.12,542.50,7,
77,653.94,622.94,607.94,454.50,327.00,543.31,7,
78,654.75,623.75,608.74,462.63,327.90,544.37,7,
79,665.46,634.46,619.46,490.09,328.78,565.40,7,
80,668.09,637.09,622.09,493.48,329.67,592.73,7,
81,684.12,653.12,638.12,494.33,331.13,595.60,7,
82,685.73,654.73,639.73,495.18,359.26,608.14,7,
83,686.57,655.57,640.57,496.03,362.08,613.05,7,
84,699.97,668.97,653.97,504.40,362.96,613.85,7,
85,701.31,670.31,655.31,505.25,363.85,614.91,7,
86,702.12,671.12,656.12,506.05,364.74,615.71,7,
87,703.15,672.15,657.15,509.46,367.75,616.51,7,
88,705.71,674.71,659.71,513.41,368.55,621.72,7,
89,756.91,725.91,710.91,514.26,369.44,623.09,7,
90,784.88,753.88,738.88,515.12,370.42,638.69,7,
91,787.68,756.68,741.68,515.98,371.22,653.59,7,
92,788.48,757.48,742.48,516.83,372.10,666.89,7,
93,789.47,758.47,743.28,517.67,372.99,668.22,7,
94,790.37,759.37,744.37,518.54,373.88,669.14,7,
95,791.17,760.17,745.17,523.14,374.77,670.04,7,
96,791.97,760.97,745.97,524.00,375.65,674.18,7,
97,792.77,761.77,746.77,535.01,376.55,676.14,7,
98,794.59,763.59,748.59,547.54,377.82,696.57,7,
99,830.84,799.84,784.15,572.17,403.20,712.94,7,
100,876.00,845.00,828.00,634.00,448.00,731.00,7,
101,884.76,853.45,836.28,640.34,452.48,738.31,7,
102,893.52,861.90,844.56,646.68,456.96,745.62,7,
103,902.28,870.35,852.84,653.02,461.44,752.93,7,
104,911.04,878.80,861.12,659.36,465.92,760.24,7,
105,919.80,887.25,869.40,665.70,470.40,767.55,7,
106,928.56,895.70,877.68,672.04,474.88,774.86,7,
107,937.32,904.15,885.96,678.38,479.36,782.17,7,
108,946.08,912.60,894.24,684.72,483.84,789.48,7,
109,954.84,921.05,902.52,691.06,488.32,796.79,7,
110,963.60,929.50,910.80,697.40,492.80,804.10,7,
111,972.36,937.95,919.08,703.74,497.28,811.41,7,
112,981.12,946.40,927.36,710.08,501.76,818.72,7,
113,989.88,954.85,935.64,716.42,506.24,826.03,7,
114,998.64,963.30,943.92,722.76,510.72,833.34,7,
115,"1,007.40",971.75,952.20,729.10,515.20,840.65,7,
116,"1,016.16",980.20,960.48,735.44,519.68,847.96,7,
117,"1,024.92",988.65,968.76,741.78,524.16,855.27,7,
118,"1,033.68",997.10,977.04,748.12,528.64,862.58,7,
119,"1,042.44","1,005.55",985.32,754.46,533.12,869.89,7,
120,"1,051.20","1,014.00",993.60,760.80,537.60,877.20,7,
121,"1,059.96","1,022.45","1,001.88",767.14,542.08,884.51,7,
122,"1,068.72","1,030.90","1,010.16",773.48,546.56,891.82,7,
123,"1,077.48","1,039.35","1,018.44",779.82,551.04,899.13,7,
124,"1,086.24","1,047.80","1,026.72",786.16,555.52,906.44,7,
125,"1,095.00","1,056.25","1,035.00",792.50,560.00,913.75,7,
126,"1,103.76","1,064.70","1,043.28",798.84,564.48,921.06,7,
127,"1,112.52","1,073.15","1,051.56",805.18,568.96,928.37,7,
128,"1,121.28","1,081.60","1,059.84",811.52,573.44,935.68,7,
129,"1,130.04","1,090.05","1,068.12",817.86,577.92,942.99,7,
130,"1,138.80","1,098.50","1,076.40",824.20,582.40,950.30,7,
131,"1,147.56","1,106.95","1,084.68",830.54,586.88,957.61,7,
132,"1,156.32","1,115.40","1,092.96",836.88,591.36,964.92,7,
133,"1,165.08","1,123.85","1,101.24",843.22,595.84,972.23,7,
134,"1,173.84","1,132.30","1,109.52",849.56,600.32,979.54,7,
135,"1,182.60","1,140.75","1,117.80",855.90,604.80,986.85,7,
136,"1,191.36","1,149.20","1,126.08",862.24,609.28,994.16,7,
137,"1,200.12","1,157.65","1,134.36",868.58,613.76,"1,001.47",7,
138,"1,208.88","1,166.10","1,142.64",874.92,618.24,"1,008.78",7,
139,"1,217.64","1,174.55","1,150.92",881.26,622.72,"1,016.09",7,
140,"1,226.40","1,183.00","1,159.20",887.60,627.20,"1,023.40",7,
141,"1,235.16","1,191.45","1,167.48",893.94,631.68,"1,030.71",7,
142,"1,243.92","1,199.90","1,175.76",900.28,636.16,"1,038.02",7,
143,"1,252.68","1,208.35","1,184.04",906.62,640.64,"1,045.33",7,
144,"1,261.44","1,216.80","1,192.32",912.96,645.12,"1,052.64",7,
145,"1,270.20","1,225.25","1,200.60",919.30,649.60,"1,059.95",7,
146,"1,278.96","1,233.70","1,208.88",925.64,654.08,"1,067.26",7,
147,"1,287.72","1,242.15","1,217.16",931.98,658.56,"1,074.57",7,
148,"1,296.48","1,250.60","1,225.44",938.32,663.04,"1,081.88",7,
149,"1,305.24","1,259.05","1,233.72",944.66,667.52,"1,089.19",7,
150,"1,314.00","1,267.50","1,242.00",951.00,672.00,"1,096.50",7,
1,116.46,85.46,75.02,33.34,27.96,39.03,8,
2,126.46,95.46,86.97,40.34,32.47,46.36,8,
3,135.36,104.36,95.07,46.28,36.67,54.17,8,
4,144.57,113.57,104.09,52.67,41.95,61.64,8,
5,145.50,114.50,105.37,59.92,47.05,70.13,8,
6,163.76,132.76,118.56,65.63,53.52,76.82,8,
7,172.83,141.83,126.69,72.30,55.74,84.63,8,
8,177.25,146.25,134.61,79.55,60.86,93.10,8,
9,177.71,146.71,143.32,87.32,69.12,102.21,8,
10,178.99,147.99,145.08,94.45,74.52,109.78,8,
11,204.59,173.59,159.43,102.35,79.85,110.74,8,
12,208.23,177.23,167.95,107.25,84.38,128.03,8,
13,223.97,192.97,176.05,115.76,89.50,133.03,8,
14,225.55,194.55,184.77,120.98,94.14,137.19,8,
15,226.54,195.54,191.69,126.46,99.44,145.38,8,
16,246.33,215.33,196.58,131.82,103.87,151.53,8,
17,248.31,217.31,200.77,137.95,108.53,160.21,8,
18,248.51,217.51,206.14,143.18,112.21,165.42,8,
19,248.71,217.71,211.45,150.87,116.29,176.58,8,
20,249.79,218.79,212.32,156.50,121.25,177.90,8,
21,271.28,240.28,229.35,160.26,125.22,188.19,8,
22,279.44,248.44,239.06,166.48,129.90,198.70,8,
23,286.48,255.48,240.04,172.18,131.08,206.10,8,
24,291.64,260.64,245.35,174.00,131.68,213.47,8,
25,292.30,261.30,246.30,188.61,143.36,216.84,8,
26,305.31,274.31,259.31,193.82,147.72,226.83,8,
27,317.59,286.59,271.59,199.90,152.32,230.88,8,
28,324.69,293.69,278.69,204.73,157.21,235.36,8,
29,326.24,295.24,280.24,210.83,162.11,239.78,8,
30,326.80,295.80,280.80,216.17,166.75,242.87,8,
31,337.80,306.80,291.80,221.96,171.28,255.47,8,
32,342.74,311.74,296.74,227.31,171.87,256.75,8,
33,355.15,324.15,309.15,233.09,172.53,262.26,8,
34,356.61,325.61,310.61,238.83,185.63,279.40,8,
35,359.64,328.64,313.64,239.88,186.95,281.12,8,
36,366.62,335.62,320.62,246.07,195.12,290.79,8,
37,378.01,347.01,332.01,257.60,195.94,291.76,8,
38,379.16,348.16,333.16,264.62,196.31,292.95,8,
39,385.36,354.36,339.36,271.50,203.71,316.65,8,
40,386.14,355.14,340.14,277.51,211.08,319.02,8,
41,401.55,370.55,355.55,285.00,215.58,333.54,8,
42,409.73,378.73,363.73,292.16,220.25,341.95,8,
43,430.57,399.57,379.89,298.25,225.36,349.06,8,
44,432.66,401.66,386.66,304.13,225.88,350.88,8,
45,433.47,402.47,387.47,308.66,226.58,361.25,8,
46,449.06,418.06,403.06,315.33,240.48,368.68,8,
47,450.62,419.62,404.62,316.00,241.88,369.43,8,
48,450.86,419.86,404.86,318.55,248.73,370.59,8,
49,451.07,420.07,405.07,318.82,249.42,370.96,8,
50,452.29,421.29,406.29,319.28,250.48,378.20,8,
51,476.52,445.52,430.52,328.24,271.64,410.54,8,
52,501.08,470.08,455.08,352.78,273.77,413.78,8,
53,510.78,479.78,463.41,355.24,280.73,414.18,8,
54,511.75,480.75,465.75,355.69,281.43,420.17,8,
55,512.15,481.15,466.15,356.13,281.83,420.96,8,
56,512.55,481.55,466.55,356.57,282.23,424.04,8,
57,512.95,481.95,466.95,363.77,287.88,424.66,8,
58,514.25,483.25,468.24,364.50,292.58,436.92,8,
59,539.88,508.88,493.88,369.03,297.97,438.16,8,
60,542.45,511.45,496.45,377.22,303.36,451.26,8,
61,558.43,527.43,512.43,380.32,308.22,462.96,8,
62,571.13,540.13,525.13,381.02,308.72,464.13,8,
63,573.59,542.59,527.59,394.60,318.41,465.69,8,
64,593.67,562.67,547.67,395.98,323.49,496.82,8,
65,600.00,569.00,554.00,396.40,331.19,514.41,8,
66,601.17,570.17,555.17,397.08,338.21,516.17,8,
67,601.57,570.57,555.57,397.52,338.92,517.75,8,
68,604.88,573.88,558.88,397.96,352.98,518.19,8,
69,615.84,584.84,569.84,399.31,354.39,526.92,8,
70,616.94,585.94,570.94,425.17,354.86,527.80,8,
71,619.07,588.07,573.07,429.42,364.09,528.31,8,
72,661.47,630.47,601.11,429.85,365.02,538.17,8,
73,665.72,634.72,618.44,430.29,365.42,539.16,8,
74,666.18,635.18,620.18,430.89,365.82,550.50,8,
75,666.98,635.98,620.98,442.82,366.81,552.54,8,
76,667.78,636.78,621.78,449.74,386.47,562.84,8,
77,668.58,637.58,622.58,463.59,388.44,563.87,8,
78,669.38,638.38,623.38,496.59,390.24,565.12,8,
79,678.15,647.15,632.15,499.90,393.89,589.92,8,
80,680.84,649.84,634.84,503.36,394.77,604.59,8,
81,697.19,666.19,651.19,504.22,395.67,618.87,8,
82,698.83,667.83,652.83,505.09,397.59,620.31,8,
83,699.69,668.69,653.69,505.96,407.79,629.99,8,
84,713.38,682.38,667.38,514.50,408.82,630.96,8,
85,714.75,683.75,668.75,515.38,424.06,631.76,8,
86,715.55,684.55,669.55,516.18,425.59,632.56,8,
87,716.60,685.60,670.60,519.66,426.74,633.36,8,
88,719.97,688.97,673.97,523.68,427.54,634.16,8,
89,787.36,756.36,741.36,524.55,428.34,635.60,8,
90,801.39,770.39,755.28,525.43,429.14,664.40,8,
91,802.82,771.82,756.68,526.30,430.02,667.30,8,
92,803.73,772.73,757.57,527.17,430.92,680.28,8,
93,804.64,773.64,758.47,528.03,431.80,681.59,8,
94,805.56,774.56,759.37,528.92,432.89,682.53,8,
95,806.48,775.48,760.27,533.61,454.64,683.45,8,
96,807.30,776.30,761.07,534.48,471.53,687.68,8,
97,808.32,777.32,762.07,545.72,473.23,689.67,8,
98,810.16,779.16,763.88,558.50,474.16,710.51,8,
99,846.85,815.85,799.84,590.14,488.18,727.21,8,
100,913.00,882.00,864.00,654.00,511.00,767.00,8,
101,922.13,890.82,872.64,660.54,516.11,774.67,8,
102,931.26,899.64,881.28,667.08,521.22,782.34,8,
103,940.39,908.46,889.92,673.62,526.33,790.01,8,
104,949.52,917.28,898.56,680.16,531.44,797.68,8,
105,958.65,926.10,907.20,686.70,536.55,805.35,8,
106,967.78,934.92,915.84,693.24,541.66,813.02,8,
107,976.91,943.74,924.48,699.78,546.77,820.69,8,
108,986.04,952.56,933.12,706.32,551.88,828.36,8,
109,995.17,961.38,941.76,712.86,556.99,836.03,8,
110,"1,004.30",970.20,950.40,719.40,562.10,843.70,8,
111,"1,013.43",979.02,959.04,725.94,567.21,851.37,8,
112,"1,022.56",987.84,967.68,732.48,572.32,859.04,8,
113,"1,031.69",996.66,976.32,739.02,577.43,866.71,8,
114,"1,040.82","1,005.48",984.96,745.56,582.54,874.38,8,
115,"1,049.95","1,014.30",993.60,752.10,587.65,882.05,8,
116,"1,059.08","1,023.12","1,002.24",758.64,592.76,889.72,8,
117,"1,068.21","1,031.94","1,010.88",765.18,597.87,897.39,8,
118,"1,077.34","1,040.76","1,019.52",771.72,602.98,905.06,8,
119,"1,086.47","1,049.58","1,028.16",778.26,608.09,912.73,8,
120,"1,095.60","1,058.40","1,036.80",784.80,613.20,920.40,8,
121,"1,104.73","1,067.22","1,045.44",791.34,618.31,928.07,8,
122,"1,113.86","1,076.04","1,054.08",797.88,623.42,935.74,8,
123,"1,122.99","1,084.86","1,062.72",804.42,628.53,943.41,8,
124,"1,132.12","1,093.68","1,071.36",810.96,633.64,951.08,8,
125,"1,141.25","1,102.50","1,080.00",817.50,638.75,958.75,8,
126,"1,150.38","1,111.32","1,088.64",824.04,643.86,966.42,8,
127,"1,159.51","1,120.14","1,097.28",830.58,648.97,974.09,8,
128,"1,168.64","1,128.96","1,105.92",837.12,654.08,981.76,8,
129,"1,177.77","1,137.78","1,114.56",843.66,659.19,989.43,8,
130,"1,186.90","1,146.60","1,123.20",850.20,664.30,997.10,8,
131,"1,196.03","1,155.42","1,131.84",856.74,669.41,"1,004.77",8,
132,"1,205.16","1,164.24","1,140.48",863.28,674.52,"1,012.44",8,
133,"1,214.29","1,173.06","1,149.12",869.82,679.63,"1,020.11",8,
134,"1,223.42","1,181.88","1,157.76",876.36,684.74,"1,027.78",8,
135,"1,232.55","1,190.70","1,166.40",882.90,689.85,"1,035.45",8,
136,"1,241.68","1,199.52","1,175.04",889.44,694.96,"1,043.12",8,
137,"1,250.81","1,208.34","1,183.68",895.98,700.07,"1,050.79",8,
138,"1,259.94","1,217.16","1,192.32",902.52,705.18,"1,058.46",8,
139,"1,269.07","1,225.98","1,200.96",909.06,710.29,"1,066.13",8,
140,"1,278.20","1,234.80","1,209.60",915.60,715.40,"1,073.80",8,
141,"1,287.33","1,243.62","1,218.24",922.14,720.51,"1,081.47",8,
142,"1,296.46","1,252.44","1,226.88",928.68,725.62,"1,089.14",8,
143,"1,305.59","1,261.26","1,235.52",935.22,730.73,"1,096.81",8,
144,"1,314.72","1,270.08","1,244.16",941.76,735.84,"1,104.48",8,
145,"1,323.85","1,278.90","1,252.80",948.30,740.95,"1,112.15",8,
146,"1,332.98","1,287.72","1,261.44",954.84,746.06,"1,119.82",8,
147,"1,342.11","1,296.54","1,270.08",961.38,751.17,"1,127.49",8,
148,"1,351.24","1,305.36","1,278.72",967.92,756.28,"1,135.16",8,
149,"1,360.37","1,314.18","1,287.36",974.46,761.39,"1,142.83",8,
150,"1,369.50","1,323.00","1,296.00",981.00,766.50,"1,150.50",8,
